Business Name,Category,Canton/Location,Phone,WhatsApp Ready,Website Present (Yes/No),Google Review Pitch Angle
New York Pizza,Restaurant,Santa Ana,+506 22828530,No,Yes,Diners rely on review volume and recency to pick where to eat — gaps in either cost table turns.
Pizza P-Dazo,Restaurant,Santa Ana,+506 40343296,No,No,"Diners rely on review volume and recency to pick where to eat — gaps in either cost table turns. Pizza P-Dazo has no listed website, so the Google Business Profile is likely their entire online storefront."
Chale's Barber Shop,Beauty Salon/Barbershop,Santa Ana,+506 2203 3512,No,No,"Walk-in beauty traffic is driven almost entirely by nearby Google star ratings and photos. Chale's Barber Shop has no listed website, so the Google Business Profile is likely their entire online storefront."
WL Steakhouse,Restaurant,Santa Ana,+506 4033 8643,No,No,"Diners rely on review volume and recency to pick where to eat — gaps in either cost table turns. WL Steakhouse has no listed website, so the Google Business Profile is likely their entire online storefront."
soda delicias doña cristina,Restaurant,Santa Ana,+506 2282 5060,No,No,"Diners rely on review volume and recency to pick where to eat — gaps in either cost table turns. soda delicias doña cristina has no listed website, so the Google Business Profile is likely their entire online storefront."
Shang Hai,Restaurant,Santa Ana,+506 2282 6898,No,No,"Diners rely on review volume and recency to pick where to eat — gaps in either cost table turns. Shang Hai has no listed website, so the Google Business Profile is likely their entire online storefront."
MAD Burger and Beer,Restaurant,Santa Ana,+506 6099 8393,Likely,No,"Diners rely on review volume and recency to pick where to eat — gaps in either cost table turns. MAD Burger and Beer has no listed website, so the Google Business Profile is likely their entire online storefront."
pal horno,Restaurant,Santa Ana,+506 63115825,Likely,No,"Diners rely on review volume and recency to pick where to eat — gaps in either cost table turns. pal horno has no listed website, so the Google Business Profile is likely their entire online storefront."
Mahi-Mahi,Restaurant,Santa Ana,+506 8471 0552,Likely,No,"Diners rely on review volume and recency to pick where to eat — gaps in either cost table turns. Mahi-Mahi has no listed website, so the Google Business Profile is likely their entire online storefront."
Piccola Italia,Restaurant,Santa Ana,+506 4030 0238,No,No,"Diners rely on review volume and recency to pick where to eat — gaps in either cost table turns. Piccola Italia has no listed website, so the Google Business Profile is likely their entire online storefront."
3 Croquetas,Restaurant,Santa Ana,+506 7164 6995,Likely,No,"Diners rely on review volume and recency to pick where to eat — gaps in either cost table turns. 3 Croquetas has no listed website, so the Google Business Profile is likely their entire online storefront."
Boca e Jarro,Restaurant,Santa Ana,+506 4034 9045,No,No,"Diners rely on review volume and recency to pick where to eat — gaps in either cost table turns. Boca e Jarro has no listed website, so the Google Business Profile is likely their entire online storefront."
Ackee Caribbean + Fusion,Restaurant,Santa Ana,+506 8302 6446,Likely,No,"Diners rely on review volume and recency to pick where to eat — gaps in either cost table turns. Ackee Caribbean + Fusion has no listed website, so the Google Business Profile is likely their entire online storefront."
Distrito Federal,Restaurant,Santa Ana,+506 7104 3098;+506 4034 9025,No,No,"Diners rely on review volume and recency to pick where to eat — gaps in either cost table turns. Distrito Federal has no listed website, so the Google Business Profile is likely their entire online storefront."
Sardi Cucina Mediterranea,Restaurant,Santa Ana,+506 8745 4509,Likely,No,"Diners rely on review volume and recency to pick where to eat — gaps in either cost table turns. Sardi Cucina Mediterranea has no listed website, so the Google Business Profile is likely their entire online storefront."
La Cantinita,Restaurant,Santa Ana,+506 4030 1818,No,No,"Diners rely on review volume and recency to pick where to eat — gaps in either cost table turns. La Cantinita has no listed website, so the Google Business Profile is likely their entire online storefront."
Inca Samba,Restaurant,Santa Ana,+506 8792 4892,Likely,No,"Diners rely on review volume and recency to pick where to eat — gaps in either cost table turns. Inca Samba has no listed website, so the Google Business Profile is likely their entire online storefront."
Barbería New Life,Beauty Salon/Barbershop,Santa Ana,+506 70498864,Likely,No,"Walk-in beauty traffic is driven almost entirely by nearby Google star ratings and photos. Barbería New Life has no listed website, so the Google Business Profile is likely their entire online storefront."
Grass-Fed CR,Restaurant,Santa Ana,84486227,Likely,Yes,Diners rely on review volume and recency to pick where to eat — gaps in either cost table turns.
Quadri Pizza Express,Restaurant,Santa Ana,+506 40318969,No,No,"Diners rely on review volume and recency to pick where to eat — gaps in either cost table turns. Quadri Pizza Express has no listed website, so the Google Business Profile is likely their entire online storefront."
Pollos Malé,Restaurant,Santa Ana,+506 25822189,No,No,"Diners rely on review volume and recency to pick where to eat — gaps in either cost table turns. Pollos Malé has no listed website, so the Google Business Profile is likely their entire online storefront."
Chubb’s,Restaurant,Santa Ana,+506 40520585,No,No,"Diners rely on review volume and recency to pick where to eat — gaps in either cost table turns. Chubb’s has no listed website, so the Google Business Profile is likely their entire online storefront."
Instituto Veterinario Docente Santa Ana,Veterinary Clinic,Santa Ana,506 2203 9546,No,No,"Pet owners choose a vet by recent reviews and responsiveness — a quiet profile looks inactive. Instituto Veterinario Docente Santa Ana has no listed website, so the Google Business Profile is likely their entire online storefront."
Croc's Pizza,Restaurant,Santa Ana,+506 2203 4831,No,No,"Diners rely on review volume and recency to pick where to eat — gaps in either cost table turns. Croc's Pizza has no listed website, so the Google Business Profile is likely their entire online storefront."
Alta Hotel,Boutique Hotel,Santa Ana,2282-4160,No,Yes,Travelers filter hotels by review score first — a incomplete Maps listing loses bookings to reviewed competitors.
Dental Center,Dental Clinic,Santa Ana,2203 5050,No,No,"Patients Google a dentist before booking — a thin or stale review profile sends them to a competitor's listing instead. Dental Center has no listed website, so the Google Business Profile is likely their entire online storefront."
Veterinaria Santa Ana,Veterinary Clinic,Santa Ana,2582 1706,No,No,"Pet owners choose a vet by recent reviews and responsiveness — a quiet profile looks inactive. Veterinaria Santa Ana has no listed website, so the Google Business Profile is likely their entire online storefront."
Starbucks,Restaurant,Escazu,905 286-0101,No,No,"Diners rely on review volume and recency to pick where to eat — gaps in either cost table turns. Starbucks has no listed website, so the Google Business Profile is likely their entire online storefront."
Pollo Leñador,Restaurant,Escazu,2296 7291,No,No,"Diners rely on review volume and recency to pick where to eat — gaps in either cost table turns. Pollo Leñador has no listed website, so the Google Business Profile is likely their entire online storefront."
Salud Clínica Sin Fronteras,Dental Clinic,Escazu,2227 2221,No,No,"Patients Google a dentist before booking — a thin or stale review profile sends them to a competitor's listing instead. Salud Clínica Sin Fronteras has no listed website, so the Google Business Profile is likely their entire online storefront."
Casa De Las Tías,Boutique Hotel,Escazu,506 2289 5571,No,Yes,Travelers filter hotels by review score first — a incomplete Maps listing loses bookings to reviewed competitors.
Costa Verde Inn,Boutique Hotel,Escazu,506 2228 4080,No,Yes,Travelers filter hotels by review score first — a incomplete Maps listing loses bookings to reviewed competitors.
Posada El Quijote,Boutique Hotel,Escazu,+506 2289 8401,No,Yes,Travelers filter hotels by review score first — a incomplete Maps listing loses bookings to reviewed competitors.
Villa Escazú,Boutique Hotel,Escazu,506 2289 7971,No,Yes,Travelers filter hotels by review score first — a incomplete Maps listing loses bookings to reviewed competitors.
La Esquina del Cafe,Restaurant,Escazu,506-2228-9541,No,No,"Diners rely on review volume and recency to pick where to eat — gaps in either cost table turns. La Esquina del Cafe has no listed website, so the Google Business Profile is likely their entire online storefront."
Agromédica Veterinaria,Veterinary Clinic,Escazu,+506 4700-1898,No,No,"Pet owners choose a vet by recent reviews and responsiveness — a quiet profile looks inactive. Agromédica Veterinaria has no listed website, so the Google Business Profile is likely their entire online storefront."
Centro de Belleza Arte Europeo,Beauty Salon/Barbershop,Escazu,8888-9376,Likely,No,"Walk-in beauty traffic is driven almost entirely by nearby Google star ratings and photos. Centro de Belleza Arte Europeo has no listed website, so the Google Business Profile is likely their entire online storefront."
Taste of India506,Restaurant,Escazu,(+506) 2208 - 8879,No,Yes,Diners rely on review volume and recency to pick where to eat — gaps in either cost table turns.
Hotel Dream House Escazú,Boutique Hotel,Escazu,+506 2228 6057,No,Yes,Travelers filter hotels by review score first — a incomplete Maps listing loses bookings to reviewed competitors.
Sonría Dental Boutique,Dental Clinic,Escazu,+506 2289 6969,No,Yes,Patients Google a dentist before booking — a thin or stale review profile sends them to a competitor's listing instead.
Allure,Beauty Salon/Barbershop,Escazu,+506 2289 8890,No,Yes,Walk-in beauty traffic is driven almost entirely by nearby Google star ratings and photos.
Clínica de Cirugía Plástica Dr. Bernardo Peralta Mantilla,Dental Clinic,Escazu,+506 2290 6820,No,Yes,Patients Google a dentist before booking — a thin or stale review profile sends them to a competitor's listing instead.
Barbería Bombín,Beauty Salon/Barbershop,Escazu,+506 7254 1971,Likely,Yes,Walk-in beauty traffic is driven almost entirely by nearby Google star ratings and photos.
Tredlo,Restaurant,Escazu,+50663700410,Likely,No,"Diners rely on review volume and recency to pick where to eat — gaps in either cost table turns. Tredlo has no listed website, so the Google Business Profile is likely their entire online storefront."
Nación Sushi,Restaurant,Escazu,2208 8888,No,Yes,Diners rely on review volume and recency to pick where to eat — gaps in either cost table turns.
Persian Grill,Restaurant,Escazu,2228 2798,No,No,"Diners rely on review volume and recency to pick where to eat — gaps in either cost table turns. Persian Grill has no listed website, so the Google Business Profile is likely their entire online storefront."
The Pink Pork,Restaurant,Escazu,+506 22152295,No,Yes,Diners rely on review volume and recency to pick where to eat — gaps in either cost table turns.
Tierra Mágica Bed & Breakfast / Art Studio,Boutique Hotel,Escazu,+506 2289-9154,No,Yes,Travelers filter hotels by review score first — a incomplete Maps listing loses bookings to reviewed competitors.
Punto Natural,Restaurant,Escazu,+506 8891 4482,Yes,No,"Diners rely on review volume and recency to pick where to eat — gaps in either cost table turns. Punto Natural has no listed website, so the Google Business Profile is likely their entire online storefront."
Paloma Studio,Restaurant,Escazu,+50687576222,Likely,Yes,Diners rely on review volume and recency to pick where to eat — gaps in either cost table turns.
Pan E Vino,Restaurant,Escazu,40001911,No,Yes,Diners rely on review volume and recency to pick where to eat — gaps in either cost table turns.
GoGreen,Restaurant,Escazu,2201 5770,No,No,"Diners rely on review volume and recency to pick where to eat — gaps in either cost table turns. GoGreen has no listed website, so the Google Business Profile is likely their entire online storefront."
Illy,Restaurant,Escazu,6043-8658,Likely,No,"Diners rely on review volume and recency to pick where to eat — gaps in either cost table turns. Illy has no listed website, so the Google Business Profile is likely their entire online storefront."
KIDS,Beauty Salon/Barbershop,Escazu,22282956,No,No,"Walk-in beauty traffic is driven almost entirely by nearby Google star ratings and photos. KIDS has no listed website, so the Google Business Profile is likely their entire online storefront."
Piccomolo,Restaurant,Escazu,22015795,No,No,"Diners rely on review volume and recency to pick where to eat — gaps in either cost table turns. Piccomolo has no listed website, so the Google Business Profile is likely their entire online storefront."
Spoon,Restaurant,Escazu,22015720,No,No,"Diners rely on review volume and recency to pick where to eat — gaps in either cost table turns. Spoon has no listed website, so the Google Business Profile is likely their entire online storefront."
Alba Rosa,Beauty Salon/Barbershop,Escazu,22016246,No,No,"Walk-in beauty traffic is driven almost entirely by nearby Google star ratings and photos. Alba Rosa has no listed website, so the Google Business Profile is likely their entire online storefront."
Bruno's,Restaurant,Escazu,22016374,No,No,"Diners rely on review volume and recency to pick where to eat — gaps in either cost table turns. Bruno's has no listed website, so the Google Business Profile is likely their entire online storefront."
Cafe Cafe,Restaurant,Escazu,2201-5461,No,No,"Diners rely on review volume and recency to pick where to eat — gaps in either cost table turns. Cafe Cafe has no listed website, so the Google Business Profile is likely their entire online storefront."
La Trattoria,Restaurant,Escazu,22018317,No,No,"Diners rely on review volume and recency to pick where to eat — gaps in either cost table turns. La Trattoria has no listed website, so the Google Business Profile is likely their entire online storefront."
TeConTe,Restaurant,Escazu,22016148,No,No,"Diners rely on review volume and recency to pick where to eat — gaps in either cost table turns. TeConTe has no listed website, so the Google Business Profile is likely their entire online storefront."
Casa2,Restaurant,Escazu,2290-3369,No,No,"Diners rely on review volume and recency to pick where to eat — gaps in either cost table turns. Casa2 has no listed website, so the Google Business Profile is likely their entire online storefront."
Centro Bronceado,Beauty Salon/Barbershop,Escazu,tel:2231-0024,No,No,"Walk-in beauty traffic is driven almost entirely by nearby Google star ratings and photos. Centro Bronceado has no listed website, so the Google Business Profile is likely their entire online storefront."
DM Salón,Beauty Salon/Barbershop,Escazu,2231 7778,No,No,"Walk-in beauty traffic is driven almost entirely by nearby Google star ratings and photos. DM Salón has no listed website, so the Google Business Profile is likely their entire online storefront."
Super Salón,Beauty Salon/Barbershop,Escazu,2291-6508,No,No,"Walk-in beauty traffic is driven almost entirely by nearby Google star ratings and photos. Super Salón has no listed website, so the Google Business Profile is likely their entire online storefront."
Tapeo,Restaurant,Escazu,2291 5178,No,No,"Diners rely on review volume and recency to pick where to eat — gaps in either cost table turns. Tapeo has no listed website, so the Google Business Profile is likely their entire online storefront."
Uñas Endy Cen,Beauty Salon/Barbershop,Escazu,2239-8885,No,No,"Walk-in beauty traffic is driven almost entirely by nearby Google star ratings and photos. Uñas Endy Cen has no listed website, so the Google Business Profile is likely their entire online storefront."
Pizzeria Polo,Restaurant,Escazu,2214 7361,No,No,"Diners rely on review volume and recency to pick where to eat — gaps in either cost table turns. Pizzeria Polo has no listed website, so the Google Business Profile is likely their entire online storefront."
Croc's Pizza,Restaurant,Escazu,+506 2203 4831,No,No,"Diners rely on review volume and recency to pick where to eat — gaps in either cost table turns. Croc's Pizza has no listed website, so the Google Business Profile is likely their entire online storefront."
Alta Hotel,Boutique Hotel,Escazu,2282-4160,No,Yes,Travelers filter hotels by review score first — a incomplete Maps listing loses bookings to reviewed competitors.
MarioGarita MP,Dental Clinic,Escazu,+506-228-7472,Likely,Yes,Patients Google a dentist before booking — a thin or stale review profile sends them to a competitor's listing instead.
Hospital Veterinario Intensivet,Veterinary Clinic,Escazu,2291-9001,No,No,"Pet owners choose a vet by recent reviews and responsiveness — a quiet profile looks inactive. Hospital Veterinario Intensivet has no listed website, so the Google Business Profile is likely their entire online storefront."
Ensō,Restaurant,Escazu,+50663182593,Likely,Yes,Diners rely on review volume and recency to pick where to eat — gaps in either cost table turns.
Casa Lima,Boutique Hotel,Escazu,+506 2231 0064,No,Yes,Travelers filter hotels by review score first — a incomplete Maps listing loses bookings to reviewed competitors.
Belazza,Beauty Salon/Barbershop,San Jose,22910545,No,No,"Walk-in beauty traffic is driven almost entirely by nearby Google star ratings and photos. Belazza has no listed website, so the Google Business Profile is likely their entire online storefront."
Pizza Hut,Restaurant,San Jose,2290-9595,No,No,"Diners rely on review volume and recency to pick where to eat — gaps in either cost table turns. Pizza Hut has no listed website, so the Google Business Profile is likely their entire online storefront."
Comotor,Auto Repair Shop,San Jose,2221-5340/2221-8989,No,No,"Drivers pick a shop by star rating when their car breaks down — few or no reviews reads as unproven, even with great work. Comotor has no listed website, so the Google Business Profile is likely their entire online storefront."
Autocarrocería Liberia,Auto Repair Shop,San Jose,2666-7771,No,No,"Drivers pick a shop by star rating when their car breaks down — few or no reviews reads as unproven, even with great work. Autocarrocería Liberia has no listed website, so the Google Business Profile is likely their entire online storefront."
El Maragato,Boutique Hotel,San Jose,2222-7313,No,Yes,Travelers filter hotels by review score first — a incomplete Maps listing loses bookings to reviewed competitors.
TRAA,Auto Repair Shop,San Jose,2256-8220,No,No,"Drivers pick a shop by star rating when their car breaks down — few or no reviews reads as unproven, even with great work. TRAA has no listed website, so the Google Business Profile is likely their entire online storefront."
Importaciones Mavisa,Auto Repair Shop,San Jose,2256-3985,No,No,"Drivers pick a shop by star rating when their car breaks down — few or no reviews reads as unproven, even with great work. Importaciones Mavisa has no listed website, so the Google Business Profile is likely their entire online storefront."
Clínica Dental Gazel,Dental Clinic,San Jose,+506 2223 5795,No,Yes,Patients Google a dentist before booking — a thin or stale review profile sends them to a competitor's listing instead.
La Gauchada,Restaurant,San Jose,+506.2232.6916,No,No,"Diners rely on review volume and recency to pick where to eat — gaps in either cost table turns. La Gauchada has no listed website, so the Google Business Profile is likely their entire online storefront."
Hotel Colonial,Boutique Hotel,San Jose,2223 0109,No,Yes,Travelers filter hotels by review score first — a incomplete Maps listing loses bookings to reviewed competitors.
Clínica de Cesación de Tabaco de IAFA Moravia,Dental Clinic,San Jose,+506 2236-2376,No,Yes,Patients Google a dentist before booking — a thin or stale review profile sends them to a competitor's listing instead.
Restaurante Orien-Te y Soda Esquinita,Restaurant,San Jose,+506 85191595,Likely,Yes,Diners rely on review volume and recency to pick where to eat — gaps in either cost table turns.
Tonny's Salón,Beauty Salon/Barbershop,San Jose,2222 0364,No,No,"Walk-in beauty traffic is driven almost entirely by nearby Google star ratings and photos. Tonny's Salón has no listed website, so the Google Business Profile is likely their entire online storefront."
Restaurante Kingston,Restaurant,San Jose,222 9097,No,No,"Diners rely on review volume and recency to pick where to eat — gaps in either cost table turns. Restaurante Kingston has no listed website, so the Google Business Profile is likely their entire online storefront."
Clínica Dental,Dental Clinic,San Jose,2235 1203,No,No,"Patients Google a dentist before booking — a thin or stale review profile sends them to a competitor's listing instead. Clínica Dental has no listed website, so the Google Business Profile is likely their entire online storefront."
Soda Beraka,Restaurant,San Jose,2236 6687,No,No,"Diners rely on review volume and recency to pick where to eat — gaps in either cost table turns. Soda Beraka has no listed website, so the Google Business Profile is likely their entire online storefront."
Il Magenta Salón,Beauty Salon/Barbershop,San Jose,2221 3814,No,No,"Walk-in beauty traffic is driven almost entirely by nearby Google star ratings and photos. Il Magenta Salón has no listed website, so the Google Business Profile is likely their entire online storefront."
Aldea Hostel,Boutique Hotel,San Jose,+506 2233 6365,No,Yes,Travelers filter hotels by review score first — a incomplete Maps listing loses bookings to reviewed competitors.
America Hotel,Boutique Hotel,San Jose,506 2260 9292,No,Yes,Travelers filter hotels by review score first — a incomplete Maps listing loses bookings to reviewed competitors.
Ara Macao Inn,Boutique Hotel,San Jose,506 2233 2742,No,No,"Travelers filter hotels by review score first — a incomplete Maps listing loses bookings to reviewed competitors. Ara Macao Inn has no listed website, so the Google Business Profile is likely their entire online storefront."
Ave Del Paraiso,Boutique Hotel,San Jose,2225-8515,No,Yes,Travelers filter hotels by review score first — a incomplete Maps listing loses bookings to reviewed competitors.
Casa 69,Boutique Hotel,San Jose,506 2256 8879,No,Yes,Travelers filter hotels by review score first — a incomplete Maps listing loses bookings to reviewed competitors.
Casa Cambranes Lodge,Boutique Hotel,San Jose,506 2253 8858,No,Yes,Travelers filter hotels by review score first — a incomplete Maps listing loses bookings to reviewed competitors.
Classic Hotel,Boutique Hotel,San Jose,506 2223 4316,No,No,"Travelers filter hotels by review score first — a incomplete Maps listing loses bookings to reviewed competitors. Classic Hotel has no listed website, so the Google Business Profile is likely their entire online storefront."
In The Wind Hostel,Boutique Hotel,San Jose,506 2524 0268,No,Yes,Travelers filter hotels by review score first — a incomplete Maps listing loses bookings to reviewed competitors.
Doral Hotel,Boutique Hotel,San Jose,506 2233 9410,No,No,"Travelers filter hotels by review score first — a incomplete Maps listing loses bookings to reviewed competitors. Doral Hotel has no listed website, so the Google Business Profile is likely their entire online storefront."
Fleur De Lys Hotel,Boutique Hotel,San Jose,506 2223 1206,No,Yes,Travelers filter hotels by review score first — a incomplete Maps listing loses bookings to reviewed competitors.
Gaudy's Backpacker,Boutique Hotel,San Jose,506 2248 0086,No,Yes,Travelers filter hotels by review score first — a incomplete Maps listing loses bookings to reviewed competitors.
Hostal La Estacion,Boutique Hotel,San Jose,506 2257 6585,No,No,"Travelers filter hotels by review score first — a incomplete Maps listing loses bookings to reviewed competitors. Hostal La Estacion has no listed website, so the Google Business Profile is likely their entire online storefront."
Hostal Pangea,Boutique Hotel,San Jose,506 2221 1992,No,Yes,Travelers filter hotels by review score first — a incomplete Maps listing loses bookings to reviewed competitors.
Hostel Boutique Collage,Boutique Hotel,San Jose,506 2234 5486,No,No,"Travelers filter hotels by review score first — a incomplete Maps listing loses bookings to reviewed competitors. Hostel Boutique Collage has no listed website, so the Google Business Profile is likely their entire online storefront."
Hostel Gallo Pinto,Boutique Hotel,San Jose,506 2257 1618,No,No,"Travelers filter hotels by review score first — a incomplete Maps listing loses bookings to reviewed competitors. Hostel Gallo Pinto has no listed website, so the Google Business Profile is likely their entire online storefront."
Hostel Gran Imperial,Boutique Hotel,San Jose,506 2222 8463,No,Yes,Travelers filter hotels by review score first — a incomplete Maps listing loses bookings to reviewed competitors.
Hotel 1492,Boutique Hotel,San Jose,506 2225 3752,No,Yes,Travelers filter hotels by review score first — a incomplete Maps listing loses bookings to reviewed competitors.
Hotel Capital,Boutique Hotel,San Jose,506 2221 8497,No,Yes,Travelers filter hotels by review score first — a incomplete Maps listing loses bookings to reviewed competitors.
Hotel Casa Alfi,Boutique Hotel,San Jose,506 2233 1805,No,No,"Travelers filter hotels by review score first — a incomplete Maps listing loses bookings to reviewed competitors. Hotel Casa Alfi has no listed website, so the Google Business Profile is likely their entire online storefront."
Hotel Castillo,Boutique Hotel,San Jose,506 2221 5141,No,Yes,Travelers filter hotels by review score first — a incomplete Maps listing loses bookings to reviewed competitors.
Hotel Cocori,Boutique Hotel,San Jose,506 2233 0081,No,No,"Travelers filter hotels by review score first — a incomplete Maps listing loses bookings to reviewed competitors. Hotel Cocori has no listed website, so the Google Business Profile is likely their entire online storefront."
Hotel Danubio,Boutique Hotel,San Jose,506 2221 9446,No,No,"Travelers filter hotels by review score first — a incomplete Maps listing loses bookings to reviewed competitors. Hotel Danubio has no listed website, so the Google Business Profile is likely their entire online storefront."
Hotel De La Cuesta,Boutique Hotel,San Jose,506 2256 7946,No,Yes,Travelers filter hotels by review score first — a incomplete Maps listing loses bookings to reviewed competitors.
Hotel Don Carlos,Boutique Hotel,San Jose,506 2221 6707,No,Yes,Travelers filter hotels by review score first — a incomplete Maps listing loses bookings to reviewed competitors.
Hotel Guest House,Boutique Hotel,San Jose,506 2223 7034,No,Yes,Travelers filter hotels by review score first — a incomplete Maps listing loses bookings to reviewed competitors.
Hotel Petit Victoria,Boutique Hotel,San Jose,506 2229 9117,No,No,"Travelers filter hotels by review score first — a incomplete Maps listing loses bookings to reviewed competitors. Hotel Petit Victoria has no listed website, so the Google Business Profile is likely their entire online storefront."
Hotel Petit,Boutique Hotel,San Jose,506 2233 0766,No,No,"Travelers filter hotels by review score first — a incomplete Maps listing loses bookings to reviewed competitors. Hotel Petit has no listed website, so the Google Business Profile is likely their entire online storefront."
Hotel Pitahaya,Boutique Hotel,San Jose,506 2221 3343,No,Yes,Travelers filter hotels by review score first — a incomplete Maps listing loses bookings to reviewed competitors.
In & Basic Hostel Lounge,Boutique Hotel,San Jose,506 2234 2998,No,Yes,Travelers filter hotels by review score first — a incomplete Maps listing loses bookings to reviewed competitors.
Natural Hostel,Boutique Hotel,San Jose,506 2258 4430,No,Yes,Travelers filter hotels by review score first — a incomplete Maps listing loses bookings to reviewed competitors.
Posada Don Tobias,Boutique Hotel,San Jose,506 2258 3162,No,Yes,Travelers filter hotels by review score first — a incomplete Maps listing loses bookings to reviewed competitors.
The Palm House Inn,Boutique Hotel,San Jose,506 2223 9063,No,Yes,Travelers filter hotels by review score first — a incomplete Maps listing loses bookings to reviewed competitors.
The Secret Mansion,Boutique Hotel,San Jose,506 8861 8317,Likely,Yes,Travelers filter hotels by review score first — a incomplete Maps listing loses bookings to reviewed competitors.
Café del Barista Morazán,Restaurant,San Jose,+50622214712,No,Yes,Diners rely on review volume and recency to pick where to eat — gaps in either cost table turns.
Mey Lai Wa,Restaurant,San Jose,+506 2222 7345,No,No,"Diners rely on review volume and recency to pick where to eat — gaps in either cost table turns. Mey Lai Wa has no listed website, so the Google Business Profile is likely their entire online storefront."
El Búho Vegetariano,Restaurant,San Jose,+506 2224 6293,No,No,"Diners rely on review volume and recency to pick where to eat — gaps in either cost table turns. El Búho Vegetariano has no listed website, so the Google Business Profile is likely their entire online storefront."
Restaurante La Gaviota,Restaurant,San Jose,+506 22357309,No,No,"Diners rely on review volume and recency to pick where to eat — gaps in either cost table turns. Restaurante La Gaviota has no listed website, so the Google Business Profile is likely their entire online storefront."
El Cafe Rojo,Restaurant,San Jose,+506 2221 2425,No,No,"Diners rely on review volume and recency to pick where to eat — gaps in either cost table turns. El Cafe Rojo has no listed website, so the Google Business Profile is likely their entire online storefront."
Las Delicias;Solucell,Restaurant,San Jose,+50622412914,No,Yes,Diners rely on review volume and recency to pick where to eat — gaps in either cost table turns.
El Novillo Alegre,Restaurant,San Jose,2234-5056,No,No,"Diners rely on review volume and recency to pick where to eat — gaps in either cost table turns. El Novillo Alegre has no listed website, so the Google Business Profile is likely their entire online storefront."
Centro de Ortodoncia Sánchez & Alfaro,Dental Clinic,San Jose,"+506 2236 8090, 2236 8020",No,No,"Patients Google a dentist before booking — a thin or stale review profile sends them to a competitor's listing instead. Centro de Ortodoncia Sánchez & Alfaro has no listed website, so the Google Business Profile is likely their entire online storefront."
Prosana Foods,Restaurant,San Jose,+506 2283 3510,No,Yes,Diners rely on review volume and recency to pick where to eat — gaps in either cost table turns.
Habana Pizza,Restaurant,San Jose,87831497,Likely,No,"Diners rely on review volume and recency to pick where to eat — gaps in either cost table turns. Habana Pizza has no listed website, so the Google Business Profile is likely their entire online storefront."
Hilton Garden Inn San José,Boutique Hotel,San Jose,+50625206000,No,Yes,Travelers filter hotels by review score first — a incomplete Maps listing loses bookings to reviewed competitors.
Las Carnitas BBQ,Restaurant,San Jose,+506 40828155,No,No,"Diners rely on review volume and recency to pick where to eat — gaps in either cost table turns. Las Carnitas BBQ has no listed website, so the Google Business Profile is likely their entire online storefront."
DondeJon,Restaurant,San Jose,50672123463,Likely,No,"Diners rely on review volume and recency to pick where to eat — gaps in either cost table turns. DondeJon has no listed website, so the Google Business Profile is likely their entire online storefront."
Erasmo,Restaurant,San Jose,2236-0824,No,No,"Diners rely on review volume and recency to pick where to eat — gaps in either cost table turns. Erasmo has no listed website, so the Google Business Profile is likely their entire online storefront."
Mantras,Restaurant,San Jose,+50622536717,No,No,"Diners rely on review volume and recency to pick where to eat — gaps in either cost table turns. Mantras has no listed website, so the Google Business Profile is likely their entire online storefront."
Restaurante Limoncello,Restaurant,San Jose,22576616,No,Yes,Diners rely on review volume and recency to pick where to eat — gaps in either cost table turns.
Café República,Restaurant,San Jose,(+506) 2101-9416,No,Yes,Diners rely on review volume and recency to pick where to eat — gaps in either cost table turns.
Ceviche de mi Tata,Restaurant,San Jose,7011 3737,Likely,No,"Diners rely on review volume and recency to pick where to eat — gaps in either cost table turns. Ceviche de mi Tata has no listed website, so the Google Business Profile is likely their entire online storefront."
Soda Pilar,Restaurant,San Jose,+506-2297-3789,No,Yes,Diners rely on review volume and recency to pick where to eat — gaps in either cost table turns.
El Jardín de Lolita,Restaurant,San Jose,8542 5623,Likely,Yes,Diners rely on review volume and recency to pick where to eat — gaps in either cost table turns.
Enping,Restaurant,San Jose,7182-2233,Likely,No,"Diners rely on review volume and recency to pick where to eat — gaps in either cost table turns. Enping has no listed website, so the Google Business Profile is likely their entire online storefront."
Feng Wei,Restaurant,San Jose,6332-2077,Likely,No,"Diners rely on review volume and recency to pick where to eat — gaps in either cost table turns. Feng Wei has no listed website, so the Google Business Profile is likely their entire online storefront."
Salón Génesis,Beauty Salon/Barbershop,San Jose,8864-4405,Likely,No,"Walk-in beauty traffic is driven almost entirely by nearby Google star ratings and photos. Salón Génesis has no listed website, so the Google Business Profile is likely their entire online storefront."
Huacamole,Restaurant,San Jose,+506 70057073;+506 21003393,No,Yes,Diners rely on review volume and recency to pick where to eat — gaps in either cost table turns.
Maui Poke Bowls,Restaurant,San Jose,+506 7029 4157,Likely,Yes,Diners rely on review volume and recency to pick where to eat — gaps in either cost table turns.
Apartahotel Altos de la Sabana,Boutique Hotel,San Jose,+50670056445,Likely,Yes,Travelers filter hotels by review score first — a incomplete Maps listing loses bookings to reviewed competitors.
Gia Vegan Pastries,Restaurant,San Jose,+506 8711 0495,Likely,No,"Diners rely on review volume and recency to pick where to eat — gaps in either cost table turns. Gia Vegan Pastries has no listed website, so the Google Business Profile is likely their entire online storefront."
Fresco,Restaurant,San Jose,+506 7244 0092,Likely,No,"Diners rely on review volume and recency to pick where to eat — gaps in either cost table turns. Fresco has no listed website, so the Google Business Profile is likely their entire online storefront."
El Fiebre,Auto Repair Shop,San Jose,84285143,Likely,No,"Drivers pick a shop by star rating when their car breaks down — few or no reviews reads as unproven, even with great work. El Fiebre has no listed website, so the Google Business Profile is likely their entire online storefront."
Quiropráctica Alesa,Dental Clinic,San Jose,+50622316719,No,Yes,Patients Google a dentist before booking — a thin or stale review profile sends them to a competitor's listing instead.
Peruvian Point,Restaurant,San Jose,+50663115825,Likely,No,"Diners rely on review volume and recency to pick where to eat — gaps in either cost table turns. Peruvian Point has no listed website, so the Google Business Profile is likely their entire online storefront."
Restaurante Sabor Real de la Abuela,Restaurant,San Jose,+50663115825,Likely,No,"Diners rely on review volume and recency to pick where to eat — gaps in either cost table turns. Restaurante Sabor Real de la Abuela has no listed website, so the Google Business Profile is likely their entire online storefront."
El Canon de las Guaras,Restaurant,San Jose,47013423,No,No,"Diners rely on review volume and recency to pick where to eat — gaps in either cost table turns. El Canon de las Guaras has no listed website, so the Google Business Profile is likely their entire online storefront."
pizzeria pizza club cr,Restaurant,San Jose,+506 63115825,Likely,No,"Diners rely on review volume and recency to pick where to eat — gaps in either cost table turns. pizzeria pizza club cr has no listed website, so the Google Business Profile is likely their entire online storefront."
Sabor Cultura,Restaurant,San Jose,+506 6315 9582,Likely,No,"Diners rely on review volume and recency to pick where to eat — gaps in either cost table turns. Sabor Cultura has no listed website, so the Google Business Profile is likely their entire online storefront."
Sabana Dental Care,Dental Clinic,San Jose,47009398,No,No,"Patients Google a dentist before booking — a thin or stale review profile sends them to a competitor's listing instead. Sabana Dental Care has no listed website, so the Google Business Profile is likely their entire online storefront."
pizza club cr,Restaurant,San Jose,+50661335825,Likely,No,"Diners rely on review volume and recency to pick where to eat — gaps in either cost table turns. pizza club cr has no listed website, so the Google Business Profile is likely their entire online storefront."
sabor real de la abuela,Restaurant,San Jose,+50661335825,Likely,No,"Diners rely on review volume and recency to pick where to eat — gaps in either cost table turns. sabor real de la abuela has no listed website, so the Google Business Profile is likely their entire online storefront."
Sabores,Restaurant,San Jose,2222 5538,No,No,"Diners rely on review volume and recency to pick where to eat — gaps in either cost table turns. Sabores has no listed website, so the Google Business Profile is likely their entire online storefront."
Cibus Restaurante y Cafeteria,Restaurant,San Jose,+50689524287,Likely,Yes,Diners rely on review volume and recency to pick where to eat — gaps in either cost table turns.
Franco,Restaurant,San Jose,86181414,Likely,Yes,Diners rely on review volume and recency to pick where to eat — gaps in either cost table turns.
Taller Tico Global Automotriz,Auto Repair Shop,San Jose,+50688335994,Likely,No,"Drivers pick a shop by star rating when their car breaks down — few or no reviews reads as unproven, even with great work. Taller Tico Global Automotriz has no listed website, so the Google Business Profile is likely their entire online storefront."
Taller Brahman,Auto Repair Shop,San Jose,+506 2235-3000,No,No,"Drivers pick a shop by star rating when their car breaks down — few or no reviews reads as unproven, even with great work. Taller Brahman has no listed website, so the Google Business Profile is likely their entire online storefront."
Na'Guara que rico,Restaurant,San Jose,+506 6155 9896,Likely,No,"Diners rely on review volume and recency to pick where to eat — gaps in either cost table turns. Na'Guara que rico has no listed website, so the Google Business Profile is likely their entire online storefront."
Alma de Árbol Escalante,Restaurant,San Jose,+50621001743,No,Yes,Diners rely on review volume and recency to pick where to eat — gaps in either cost table turns.
Hotel Majestad,Boutique Hotel,San Jose,+12678859464,Likely,No,"Travelers filter hotels by review score first — a incomplete Maps listing loses bookings to reviewed competitors. Hotel Majestad has no listed website, so the Google Business Profile is likely their entire online storefront."
Centro Médico Cyrman,Dental Clinic,San Jose,+506 2220 0119,No,No,"Patients Google a dentist before booking — a thin or stale review profile sends them to a competitor's listing instead. Centro Médico Cyrman has no listed website, so the Google Business Profile is likely their entire online storefront."
Otoya 1907,Boutique Hotel,San Jose,+506 6268 9104,Likely,Yes,Travelers filter hotels by review score first — a incomplete Maps listing loses bookings to reviewed competitors.
Pet Wellness Center,Veterinary Clinic,San Jose,+506 4001 6576,No,No,"Pet owners choose a vet by recent reviews and responsiveness — a quiet profile looks inactive. Pet Wellness Center has no listed website, so the Google Business Profile is likely their entire online storefront."
Delta Hotels by Marriott San Jose Aurola,Boutique Hotel,San Jose,2523-1000,No,No,"Travelers filter hotels by review score first — a incomplete Maps listing loses bookings to reviewed competitors. Delta Hotels by Marriott San Jose Aurola has no listed website, so the Google Business Profile is likely their entire online storefront."
Rincón del Valle Hotel & Suites,Boutique Hotel,San Jose,+50622961001,No,Yes,Travelers filter hotels by review score first — a incomplete Maps listing loses bookings to reviewed competitors.
Caribe Beauty Salón,Beauty Salon/Barbershop,San Jose,2224-9843,No,No,"Walk-in beauty traffic is driven almost entirely by nearby Google star ratings and photos. Caribe Beauty Salón has no listed website, so the Google Business Profile is likely their entire online storefront."
Palma Real Hotel y Casino,Boutique Hotel,San Jose,2290 5060,No,No,"Travelers filter hotels by review score first — a incomplete Maps listing loses bookings to reviewed competitors. Palma Real Hotel y Casino has no listed website, so the Google Business Profile is likely their entire online storefront."
Hamburger Factory,Restaurant,San Jose,2236-7788,No,No,"Diners rely on review volume and recency to pick where to eat — gaps in either cost table turns. Hamburger Factory has no listed website, so the Google Business Profile is likely their entire online storefront."
Gran Hotel Costa Rica,Boutique Hotel,San Jose,+506 2103-9000,No,Yes,Travelers filter hotels by review score first — a incomplete Maps listing loses bookings to reviewed competitors.
IL Pomodoro,Restaurant,San Jose,2283 1010,No,Yes,Diners rely on review volume and recency to pick where to eat — gaps in either cost table turns.
TSO La Sabana,Auto Repair Shop,San Jose,2255 1249,No,Yes,"Drivers pick a shop by star rating when their car breaks down — few or no reviews reads as unproven, even with great work."
Bosco Parque Gastronómico,Restaurant,San Jose,83779330,Likely,Yes,Diners rely on review volume and recency to pick where to eat — gaps in either cost table turns.
Hotel La California,Boutique Hotel,San Jose,2258 8459,No,No,"Travelers filter hotels by review score first — a incomplete Maps listing loses bookings to reviewed competitors. Hotel La California has no listed website, so the Google Business Profile is likely their entire online storefront."
Bella Vista,Boutique Hotel,San Jose,50622230095,No,No,"Travelers filter hotels by review score first — a incomplete Maps listing loses bookings to reviewed competitors. Bella Vista has no listed website, so the Google Business Profile is likely their entire online storefront."
Casa de Motores,Auto Repair Shop,San Jose,2256 9696,No,No,"Drivers pick a shop by star rating when their car breaks down — few or no reviews reads as unproven, even with great work. Casa de Motores has no listed website, so the Google Business Profile is likely their entire online storefront."
Karaoke 88,Restaurant,San Jose,+506 2225 0601,No,No,"Diners rely on review volume and recency to pick where to eat — gaps in either cost table turns. Karaoke 88 has no listed website, so the Google Business Profile is likely their entire online storefront."
El Palacio del Dragón,Restaurant,San Jose,+506 2225 9607,No,Yes,Diners rely on review volume and recency to pick where to eat — gaps in either cost table turns.
Mecanica Automotriz,Auto Repair Shop,San Jose,2225 1455,No,No,"Drivers pick a shop by star rating when their car breaks down — few or no reviews reads as unproven, even with great work. Mecanica Automotriz has no listed website, so the Google Business Profile is likely their entire online storefront."
Pizza Papatonni's,Restaurant,San Jose,22349783,No,No,"Diners rely on review volume and recency to pick where to eat — gaps in either cost table turns. Pizza Papatonni's has no listed website, so the Google Business Profile is likely their entire online storefront."
Taller Mecanico,Auto Repair Shop,San Jose,2234 8606,No,No,"Drivers pick a shop by star rating when their car breaks down — few or no reviews reads as unproven, even with great work. Taller Mecanico has no listed website, so the Google Business Profile is likely their entire online storefront."
Centro Servicio Willy,Auto Repair Shop,San Jose,2234 8806,No,No,"Drivers pick a shop by star rating when their car breaks down — few or no reviews reads as unproven, even with great work. Centro Servicio Willy has no listed website, so the Google Business Profile is likely their entire online storefront."
RPM Repuestos,Auto Repair Shop,San Jose,2255-2244,No,No,"Drivers pick a shop by star rating when their car breaks down — few or no reviews reads as unproven, even with great work. RPM Repuestos has no listed website, so the Google Business Profile is likely their entire online storefront."
Restaurante Bai Ji,Restaurant,San Jose,2101-5428,No,No,"Diners rely on review volume and recency to pick where to eat — gaps in either cost table turns. Restaurante Bai Ji has no listed website, so the Google Business Profile is likely their entire online storefront."
Hotel San Diego,Boutique Hotel,San Jose,2221 8597,No,No,"Travelers filter hotels by review score first — a incomplete Maps listing loses bookings to reviewed competitors. Hotel San Diego has no listed website, so the Google Business Profile is likely their entire online storefront."
Hotel Medellin,Boutique Hotel,San Jose,8320 7521,Likely,No,"Travelers filter hotels by review score first — a incomplete Maps listing loses bookings to reviewed competitors. Hotel Medellin has no listed website, so the Google Business Profile is likely their entire online storefront."
Clínica Plaja,Dental Clinic,San Jose,+506 2221 4333;+506 2222 5875,No,No,"Patients Google a dentist before booking — a thin or stale review profile sends them to a competitor's listing instead. Clínica Plaja has no listed website, so the Google Business Profile is likely their entire online storefront."
Autotech,Auto Repair Shop,San Jose,2256 5630,No,No,"Drivers pick a shop by star rating when their car breaks down — few or no reviews reads as unproven, even with great work. Autotech has no listed website, so the Google Business Profile is likely their entire online storefront."
Ortopédica Cartaginess,Dental Clinic,San Jose,2233 4481,No,No,"Patients Google a dentist before booking — a thin or stale review profile sends them to a competitor's listing instead. Ortopédica Cartaginess has no listed website, so the Google Business Profile is likely their entire online storefront."
Clínica Santa Lucía,Dental Clinic,San Jose,2257 0728,No,No,"Patients Google a dentist before booking — a thin or stale review profile sends them to a competitor's listing instead. Clínica Santa Lucía has no listed website, so the Google Business Profile is likely their entire online storefront."
Multiservicios Edos,Auto Repair Shop,San Jose,22217645,No,No,"Drivers pick a shop by star rating when their car breaks down — few or no reviews reads as unproven, even with great work. Multiservicios Edos has no listed website, so the Google Business Profile is likely their entire online storefront."
El Primero,Restaurant,San Jose,2235 5322,No,No,"Diners rely on review volume and recency to pick where to eat — gaps in either cost table turns. El Primero has no listed website, so the Google Business Profile is likely their entire online storefront."
Ling Lam,Restaurant,San Jose,2235 1490,No,No,"Diners rely on review volume and recency to pick where to eat — gaps in either cost table turns. Ling Lam has no listed website, so the Google Business Profile is likely their entire online storefront."
Caribbean Delights,Restaurant,San Jose,22368585,No,No,"Diners rely on review volume and recency to pick where to eat — gaps in either cost table turns. Caribbean Delights has no listed website, so the Google Business Profile is likely their entire online storefront."
Seiku,Restaurant,San Jose,2236 3165,No,No,"Diners rely on review volume and recency to pick where to eat — gaps in either cost table turns. Seiku has no listed website, so the Google Business Profile is likely their entire online storefront."
Car Center,Auto Repair Shop,San Jose,2234 6418,No,No,"Drivers pick a shop by star rating when their car breaks down — few or no reviews reads as unproven, even with great work. Car Center has no listed website, so the Google Business Profile is likely their entire online storefront."
Taljim,Auto Repair Shop,San Jose,2225 1069,No,No,"Drivers pick a shop by star rating when their car breaks down — few or no reviews reads as unproven, even with great work. Taljim has no listed website, so the Google Business Profile is likely their entire online storefront."
Sapporo,Restaurant,San Jose,253 2064,No,No,"Diners rely on review volume and recency to pick where to eat — gaps in either cost table turns. Sapporo has no listed website, so the Google Business Profile is likely their entire online storefront."
Euro Kitchen,Restaurant,San Jose,2221 0909,No,No,"Diners rely on review volume and recency to pick where to eat — gaps in either cost table turns. Euro Kitchen has no listed website, so the Google Business Profile is likely their entire online storefront."
Asembis,Dental Clinic,San Jose,2285 5881,No,No,"Patients Google a dentist before booking — a thin or stale review profile sends them to a competitor's listing instead. Asembis has no listed website, so the Google Business Profile is likely their entire online storefront."
La Casona de Laly,Restaurant,San Jose,+506 2281-1304,No,Yes,Diners rely on review volume and recency to pick where to eat — gaps in either cost table turns.
Centro de Servicios Car Planet,Auto Repair Shop,San Jose,241 2342,No,No,"Drivers pick a shop by star rating when their car breaks down — few or no reviews reads as unproven, even with great work. Centro de Servicios Car Planet has no listed website, so the Google Business Profile is likely their entire online storefront."
BMW,Auto Repair Shop,San Jose,2547 5000,No,Yes,"Drivers pick a shop by star rating when their car breaks down — few or no reviews reads as unproven, even with great work."
EcoFri,Auto Repair Shop,San Jose,2256 3014,No,No,"Drivers pick a shop by star rating when their car breaks down — few or no reviews reads as unproven, even with great work. EcoFri has no listed website, so the Google Business Profile is likely their entire online storefront."
Pizza Olivera,Restaurant,San Jose,2221 0876,No,No,"Diners rely on review volume and recency to pick where to eat — gaps in either cost table turns. Pizza Olivera has no listed website, so the Google Business Profile is likely their entire online storefront."
City Spa,Beauty Salon/Barbershop,San Jose,2248 3535,No,No,"Walk-in beauty traffic is driven almost entirely by nearby Google star ratings and photos. City Spa has no listed website, so the Google Business Profile is likely their entire online storefront."
Clínica Oftalmológica Colón,Dental Clinic,San Jose,2221 1054,No,No,"Patients Google a dentist before booking — a thin or stale review profile sends them to a competitor's listing instead. Clínica Oftalmológica Colón has no listed website, so the Google Business Profile is likely their entire online storefront."
Parrillada Mar & Tierra,Restaurant,San Jose,2221 5428,No,No,"Diners rely on review volume and recency to pick where to eat — gaps in either cost table turns. Parrillada Mar & Tierra has no listed website, so the Google Business Profile is likely their entire online storefront."
Restaurante & Sala de Eventos,Restaurant,San Jose,2258 3838,No,No,"Diners rely on review volume and recency to pick where to eat — gaps in either cost table turns. Restaurante & Sala de Eventos has no listed website, so the Google Business Profile is likely their entire online storefront."
Centro Medico Cvl,Dental Clinic,San Jose,2236 0132,No,No,"Patients Google a dentist before booking — a thin or stale review profile sends them to a competitor's listing instead. Centro Medico Cvl has no listed website, so the Google Business Profile is likely their entire online storefront."
Marisquería y Pescadería,Restaurant,San Jose,2234 8402,No,No,"Diners rely on review volume and recency to pick where to eat — gaps in either cost table turns. Marisquería y Pescadería has no listed website, so the Google Business Profile is likely their entire online storefront."
Pizzería Otero's,Restaurant,San Jose,4030 1290,No,No,"Diners rely on review volume and recency to pick where to eat — gaps in either cost table turns. Pizzería Otero's has no listed website, so the Google Business Profile is likely their entire online storefront."
Autodecoracion,Auto Repair Shop,San Jose,2256 3117,No,No,"Drivers pick a shop by star rating when their car breaks down — few or no reviews reads as unproven, even with great work. Autodecoracion has no listed website, so the Google Business Profile is likely their entire online storefront."
Taller de Motos Goni's,Auto Repair Shop,San Jose,2248 2343,No,No,"Drivers pick a shop by star rating when their car breaks down — few or no reviews reads as unproven, even with great work. Taller de Motos Goni's has no listed website, so the Google Business Profile is likely their entire online storefront."
Lubricentro San Jorge,Auto Repair Shop,San Jose,2222 2869,No,No,"Drivers pick a shop by star rating when their car breaks down — few or no reviews reads as unproven, even with great work. Lubricentro San Jorge has no listed website, so the Google Business Profile is likely their entire online storefront."
Lubricentro Tire Kingdom,Auto Repair Shop,San Jose,228 6416,No,No,"Drivers pick a shop by star rating when their car breaks down — few or no reviews reads as unproven, even with great work. Lubricentro Tire Kingdom has no listed website, so the Google Business Profile is likely their entire online storefront."
Bienestar Dental,Dental Clinic,San Jose,2283 5959,No,No,"Patients Google a dentist before booking — a thin or stale review profile sends them to a competitor's listing instead. Bienestar Dental has no listed website, so the Google Business Profile is likely their entire online storefront."
Sesamo Taller de Muflas,Auto Repair Shop,San Jose,2291 8891,No,No,"Drivers pick a shop by star rating when their car breaks down — few or no reviews reads as unproven, even with great work. Sesamo Taller de Muflas has no listed website, so the Google Business Profile is likely their entire online storefront."
Auto Clase,Auto Repair Shop,San Jose,2291 6518,No,No,"Drivers pick a shop by star rating when their car breaks down — few or no reviews reads as unproven, even with great work. Auto Clase has no listed website, so the Google Business Profile is likely their entire online storefront."
Hotel Venezia,Boutique Hotel,San Jose,2222 4767,No,No,"Travelers filter hotels by review score first — a incomplete Maps listing loses bookings to reviewed competitors. Hotel Venezia has no listed website, so the Google Business Profile is likely their entire online storefront."
Hotel Central Santiago Trejos,Boutique Hotel,San Jose,8742 7086,Likely,No,"Travelers filter hotels by review score first — a incomplete Maps listing loses bookings to reviewed competitors. Hotel Central Santiago Trejos has no listed website, so the Google Business Profile is likely their entire online storefront."
Sabor del Líbano,Restaurant,San Jose,2296 6000,No,No,"Diners rely on review volume and recency to pick where to eat — gaps in either cost table turns. Sabor del Líbano has no listed website, so the Google Business Profile is likely their entire online storefront."
Hotel Casa Las Orquídeas,Boutique Hotel,San Jose,50622830095,No,Yes,Travelers filter hotels by review score first — a incomplete Maps listing loses bookings to reviewed competitors.
Sana Sana,Restaurant,San Jose,+506 21009775,No,Yes,Diners rely on review volume and recency to pick where to eat — gaps in either cost table turns.
Hotel Aranjuez,Boutique Hotel,San Jose,+506 22561825,No,Yes,Travelers filter hotels by review score first — a incomplete Maps listing loses bookings to reviewed competitors.
Hotel Casa Botanica de Aranjuez,Boutique Hotel,San Jose,+506 88 181 894,Likely,No,"Travelers filter hotels by review score first — a incomplete Maps listing loses bookings to reviewed competitors. Hotel Casa Botanica de Aranjuez has no listed website, so the Google Business Profile is likely their entire online storefront."
MedicarePlus,Dental Clinic,San Jose,+506 2221 9996,No,No,"Patients Google a dentist before booking — a thin or stale review profile sends them to a competitor's listing instead. MedicarePlus has no listed website, so the Google Business Profile is likely their entire online storefront."
St. Honoré,Restaurant,San Jose,+506 2220 1181,No,No,"Diners rely on review volume and recency to pick where to eat — gaps in either cost table turns. St. Honoré has no listed website, so the Google Business Profile is likely their entire online storefront."
La Guche,Restaurant,San Jose,+50685516762,Likely,Yes,Diners rely on review volume and recency to pick where to eat — gaps in either cost table turns.
Hotel Avenida Central,Boutique Hotel,San Jose,50664888896,Likely,No,"Travelers filter hotels by review score first — a incomplete Maps listing loses bookings to reviewed competitors. Hotel Avenida Central has no listed website, so the Google Business Profile is likely their entire online storefront."
Ebais Merced 1,Dental Clinic,San Jose,+506 2547 3300,No,No,"Patients Google a dentist before booking — a thin or stale review profile sends them to a competitor's listing instead. Ebais Merced 1 has no listed website, so the Google Business Profile is likely their entire online storefront."
Hong Wei,Restaurant,San Jose,22241193,No,No,"Diners rely on review volume and recency to pick where to eat — gaps in either cost table turns. Hong Wei has no listed website, so the Google Business Profile is likely their entire online storefront."
Hotel Rincón de San José,Boutique Hotel,San Jose,+506 2221 9702,No,Yes,Travelers filter hotels by review score first — a incomplete Maps listing loses bookings to reviewed competitors.
Centro Medico Santa Monica,Dental Clinic,Belen,2239-2021,No,No,"Patients Google a dentist before booking — a thin or stale review profile sends them to a competitor's listing instead. Centro Medico Santa Monica has no listed website, so the Google Business Profile is likely their entire online storefront."
El Novillo Alegre,Restaurant,Belen,+506 2519-9151,No,Yes,Diners rely on review volume and recency to pick where to eat — gaps in either cost table turns.
Melrost,Boutique Hotel,Belen,+506 24310909,No,No,"Travelers filter hotels by review score first — a incomplete Maps listing loses bookings to reviewed competitors. Melrost has no listed website, so the Google Business Profile is likely their entire online storefront."
Chicharronera Guarito,Restaurant,Belen,+506 8811 5066,Likely,Yes,Diners rely on review volume and recency to pick where to eat — gaps in either cost table turns.
Ceviche Peruano,Restaurant,Belen,87241631,Likely,No,"Diners rely on review volume and recency to pick where to eat — gaps in either cost table turns. Ceviche Peruano has no listed website, so the Google Business Profile is likely their entire online storefront."
Pizza Hut,Restaurant,Belen,2290 9595,No,Yes,Diners rely on review volume and recency to pick where to eat — gaps in either cost table turns.
El Curandero Bar-Restaurante,Restaurant,Belen,+50663593342,Likely,No,"Diners rely on review volume and recency to pick where to eat — gaps in either cost table turns. El Curandero Bar-Restaurante has no listed website, so the Google Business Profile is likely their entire online storefront."
Soda Julia,Restaurant,Belen,+506 2442-6973,No,No,"Diners rely on review volume and recency to pick where to eat — gaps in either cost table turns. Soda Julia has no listed website, so the Google Business Profile is likely their entire online storefront."
Alexander B&B,Boutique Hotel,Belen,+50686535568,Likely,Yes,Travelers filter hotels by review score first — a incomplete Maps listing loses bookings to reviewed competitors.
Hampton Inn & Suites,Boutique Hotel,Belen,+506 2436 0000,No,Yes,Travelers filter hotels by review score first — a incomplete Maps listing loses bookings to reviewed competitors.
Holiday Inn Express,Boutique Hotel,Belen,+50624430043,No,Yes,Travelers filter hotels by review score first — a incomplete Maps listing loses bookings to reviewed competitors.
El Mundo del Automóvil,Auto Repair Shop,Belen,2293 6931,No,No,"Drivers pick a shop by star rating when their car breaks down — few or no reviews reads as unproven, even with great work. El Mundo del Automóvil has no listed website, so the Google Business Profile is likely their entire online storefront."
Apartotel Oro,Boutique Hotel,Belen,2239 0403,No,No,"Travelers filter hotels by review score first — a incomplete Maps listing loses bookings to reviewed competitors. Apartotel Oro has no listed website, so the Google Business Profile is likely their entire online storefront."
Hotel Dos Palmas,Boutique Hotel,Belen,2430 4258,No,Yes,Travelers filter hotels by review score first — a incomplete Maps listing loses bookings to reviewed competitors.
Cevichera Costa Rica,Restaurant,Belen,2441 5521,No,No,"Diners rely on review volume and recency to pick where to eat — gaps in either cost table turns. Cevichera Costa Rica has no listed website, so the Google Business Profile is likely their entire online storefront."
Multicentro Río Segundo,Auto Repair Shop,Belen,2442 8181,No,No,"Drivers pick a shop by star rating when their car breaks down — few or no reviews reads as unproven, even with great work. Multicentro Río Segundo has no listed website, so the Google Business Profile is likely their entire online storefront."
Courtyard,Boutique Hotel,Belen,+506 2429 2700,No,Yes,Travelers filter hotels by review score first — a incomplete Maps listing loses bookings to reviewed competitors.
Fairfield,Boutique Hotel,Belen,+506 2429 2500,No,Yes,Travelers filter hotels by review score first — a incomplete Maps listing loses bookings to reviewed competitors.
Denny's,Restaurant,Belen,+506 2431 5050,No,Yes,Diners rely on review volume and recency to pick where to eat — gaps in either cost table turns.
Peperonni's Express,Restaurant,Belen,2435 9999,No,No,"Diners rely on review volume and recency to pick where to eat — gaps in either cost table turns. Peperonni's Express has no listed website, so the Google Business Profile is likely their entire online storefront."
Hilton Garden Inn,Boutique Hotel,Belen,+506 4052 2300,No,Yes,Travelers filter hotels by review score first — a incomplete Maps listing loses bookings to reviewed competitors.
